Tanggal,Penutupan
2018-01-02,"6.339,24"
2018-01-03,"6.251,48"
2018-01-04,"6.292,32"
2018-01-05,"6.353,74"
2018-01-08,"6.385,40"
2018-01-09,"6.373,14"
2018-01-10,"6.371,17"
2018-01-11,"6.386,34"
2018-01-12,"6.370,06"
2018-01-15,"6.382,19"
2018-01-16,"6.429,69"
2018-01-17,"6.444,52"
2018-01-18,"6.472,67"
2018-01-19,"6.490,90"
2018-01-22,"6.500,53"
2018-01-23,"6.635,33"
2018-01-24,"6.615,49"
2018-01-25,"6.615,33"
2018-01-26,"6.660,62"
2018-01-29,"6.680,62"
2018-01-30,"6.575,49"
2018-01-31,"6.605,63"
2018-02-01,"6.598,46"
2018-02-02,"6.628,82"
2018-02-05,"6.589,68"
2018-02-06,"6.478,54"
2018-02-07,"6.534,87"
2018-02-08,"6.544,63"
2018-02-09,"6.505,52"
2018-02-12,"6.523,45"
2018-02-13,"6.578,18"
2018-02-14,"6.594,40"
2018-02-15,"6.591,58"
2018-02-19,"6.689,29"
2018-02-20,"6.662,88"
2018-02-21,"6.643,40"
2018-02-22,"6.593,06"
2018-02-23,"6.619,80"
2018-02-26,"6.554,67"
2018-02-27,"6.598,93"
2018-02-28,"6.597,22"
2018-03-01,"6.606,05"
2018-03-02,"6.582,32"
2018-03-05,"6.550,59"
2018-03-06,"6.500,11"
2018-03-07,"6.368,27"
2018-03-08,"6.443,02"
2018-03-09,"6.433,32"
2018-03-12,"6.500,69"
2018-03-13,"6.412,85"
2018-03-14,"6.382,62"
2018-03-15,"6.321,90"
2018-03-16,"6.304,95"
2018-03-19,"6.289,57"
2018-03-20,"6.243,58"
2018-03-21,"6.312,83"
2018-03-22,"6.254,07"
2018-03-23,"6.210,70"
2018-03-26,"6.200,17"
2018-03-27,"6.209,35"
2018-03-28,"6.140,84"
2018-03-29,"6.188,99"
2018-04-02,"6.240,57"
2018-04-03,"6.229,01"
2018-04-04,"6.157,10"
2018-04-05,"6.183,23"
2018-04-06,"6.175,05"
2018-04-09,"6.246,13"
2018-04-10,"6.325,82"
2018-04-11,"6.360,93"
2018-04-12,"6.310,80"
2018-04-13,"6.270,33"
2018-04-16,"6.286,75"
2018-04-17,"6.285,76"
2018-04-18,"6.320,01"
2018-04-19,"6.355,90"
2018-04-20,"6.337,69"
2018-04-23,"6.308,15"
2018-04-24,"6.229,64"
2018-04-25,"6.079,85"
2018-04-26,"5.909,20"
2018-04-27,"5.919,24"
2018-04-30,"5.994,60"
2018-05-02,"6.012,24"
2018-05-03,"5.858,73"
2018-05-04,"5.792,35"
2018-05-07,"5.885,10"
2018-05-08,"5.774,72"
2018-05-09,"5.907,94"
2018-05-11,"5.956,83"
2018-05-14,"5.947,15"
2018-05-15,"5.838,12"
2018-05-16,"5.841,46"
2018-05-17,"5.815,92"
2018-05-18,"5.783,31"
2018-05-21,"5.733,85"
2018-05-22,"5.751,12"
2018-05-23,"5.792,00"
2018-05-24,"5.946,54"
2018-05-25,"5.975,74"
2018-05-28,"6.068,32"
2018-05-30,"6.011,06"
2018-05-31,"5.983,59"
2018-06-04,"6.014,82"
2018-06-05,"6.088,79"
2018-06-06,"6.069,71"
2018-06-07,"6.106,70"
2018-06-08,"5.993,63"
2018-06-20,"5.884,04"
2018-06-21,"5.822,33"
2018-06-22,"5.821,81"
2018-06-25,"5.859,08"
2018-06-26,"5.825,65"
2018-06-27,"5.787,55"
2018-06-28,"5.667,32"
2018-06-29,"5.799,24"
2018-07-02,"5.746,77"
2018-07-03,"5.633,94"
2018-07-04,"5.733,64"
2018-07-05,"5.739,33"
2018-07-06,"5.694,91"
2018-07-09,"5.807,38"
2018-07-10,"5.881,76"
2018-07-11,"5.893,36"
2018-07-12,"5.907,87"
2018-07-13,"5.944,07"
2018-07-16,"5.905,16"
2018-07-17,"5.861,51"
2018-07-18,"5.890,73"
2018-07-19,"5.871,08"
2018-07-20,"5.872,78"
2018-07-23,"5.915,80"
2018-07-24,"5.931,84"
2018-07-25,"5.933,89"
2018-07-26,"5.946,14"
2018-07-27,"5.989,14"
2018-07-30,"6.027,94"
2018-07-31,"5.936,44"
2018-08-01,"6.033,42"
2018-08-02,"6.011,72"
2018-08-03,"6.007,54"
2018-08-06,"6.101,13"
2018-08-07,"6.091,25"
2018-08-08,"6.094,83"
2018-08-09,"6.065,26"
2018-08-10,"6.077,17"
2018-08-13,"5.861,25"
2018-08-14,"5.769,87"
2018-08-15,"5.816,59"
2018-08-16,"5.783,80"
2018-08-20,"5.892,19"
2018-08-21,"5.944,30"
2018-08-23,"5.982,98"
2018-08-24,"5.968,75"
2018-08-27,"6.025,97"
2018-08-28,"6.042,65"
2018-08-29,"6.065,15"
2018-08-30,"6.018,96"
2018-08-31,"6.018,46"
2018-09-03,"5.967,58"
2018-09-04,"5.905,30"
2018-09-05,"5.683,50"
2018-09-06,"5.776,10"
2018-09-07,"5.851,47"
2018-09-10,"5.831,12"
2018-09-12,"5.798,15"
2018-09-13,"5.858,27"
2018-09-14,"5.931,28"
2018-09-17,"5.824,26"
2018-09-18,"5.811,79"
2018-09-19,"5.873,60"
2018-09-20,"5.931,27"
2018-09-21,"5.957,74"
2018-09-24,"5.882,22"
2018-09-25,"5.874,30"
2018-09-26,"5.873,27"
2018-09-27,"5.929,22"
2018-09-28,"5.976,55"
2018-10-01,"5.944,60"
2018-10-02,"5.875,62"
2018-10-03,"5.867,74"
2018-10-04,"5.756,62"
2018-10-05,"5.731,94"
2018-10-08,"5.761,07"
2018-10-09,"5.796,79"
2018-10-10,"5.820,67"
2018-10-11,"5.702,82"
2018-10-12,"5.756,49"
2018-10-15,"5.727,26"
2018-10-16,"5.800,82"
2018-10-17,"5.868,62"
2018-10-18,"5.845,24"
2018-10-19,"5.837,29"
2018-10-22,"5.840,44"
2018-10-23,"5.797,89"
2018-10-24,"5.709,42"
2018-10-25,"5.754,97"
2018-10-26,"5.784,92"
2018-10-29,"5.754,61"
2018-10-30,"5.789,10"
2018-10-31,"5.831,65"
2018-11-01,"5.835,92"
2018-11-02,"5.906,29"
2018-11-05,"5.920,59"
2018-11-06,"5.923,93"
2018-11-07,"5.939,89"
2018-11-08,"5.976,81"
2018-11-09,"5.874,15"
2018-11-12,"5.777,05"
2018-11-13,"5.835,20"
2018-11-14,"5.858,29"
2018-11-15,"5.955,74"
2018-11-16,"6.012,35"
2018-11-19,"6.005,30"
2018-11-21,"5.948,05"
2018-11-22,"5.990,81"
2018-11-23,"6.006,20"
2018-11-26,"6.022,78"
2018-11-27,"6.013,59"
2018-11-28,"5.991,25"
2018-11-29,"6.107,17"
2018-11-30,"6.056,12"
2018-12-03,"6.118,32"
2018-12-04,"6.152,86"
2018-12-05,"6.133,12"
2018-12-06,"6.115,49"
2018-12-07,"6.126,36"
2018-12-10,"6.111,36"
2018-12-11,"6.076,59"
2018-12-12,"6.115,58"
2018-12-13,"6.177,72"
2018-12-14,"6.169,84"
2018-12-17,"6.089,31"
2018-12-18,"6.081,87"
2018-12-19,"6.176,09"
2018-12-20,"6.147,88"
2018-12-21,"6.163,60"
2018-12-26,"6.127,85"
2018-12-27,"6.190,64"
2018-12-28,"6.194,50"
2019-01-02,"6.181,18"
2019-01-03,"6.221,01"
2019-01-04,"6.274,54"
2019-01-07,"6.287,22"
2019-01-08,"6.262,85"
2019-01-09,"6.272,24"
2019-01-10,"6.328,71"
2019-01-11,"6.361,47"
2019-01-14,"6.336,12"
2019-01-15,"6.408,78"
2019-01-16,"6.413,36"
2019-01-17,"6.423,78"
2019-01-18,"6.448,16"
2019-01-21,"6.450,83"
2019-01-22,"6.468,56"
2019-01-23,"6.451,17"
2019-01-24,"6.466,65"
2019-01-25,"6.482,84"
2019-01-28,"6.458,71"
2019-01-29,"6.436,48"
2019-01-30,"6.464,19"
2019-01-31,"6.532,97"
2019-02-01,"6.538,64"
2019-02-04,"6.481,45"
2019-02-06,"6.547,88"
2019-02-07,"6.536,46"
2019-02-08,"6.521,66"
2019-02-11,"6.495,00"
2019-02-12,"6.426,32"
2019-02-13,"6.419,12"
2019-02-14,"6.420,02"
2019-02-15,"6.389,09"
2019-02-18,"6.497,81"
2019-02-19,"6.494,67"
2019-02-20,"6.512,78"
2019-02-21,"6.537,77"
2019-02-22,"6.501,38"
2019-02-25,"6.525,36"
2019-02-26,"6.540,95"
2019-02-27,"6.525,68"
2019-02-28,"6.443,35"
2019-03-01,"6.499,88"
2019-03-04,"6.488,42"
2019-03-05,"6.441,28"
2019-03-06,"6.457,96"
2019-03-08,"6.383,07"
2019-03-11,"6.366,43"
2019-03-12,"6.353,77"
2019-03-13,"6.377,57"
2019-03-14,"6.413,27"
2019-03-15,"6.461,18"
2019-03-18,"6.509,45"
2019-03-19,"6.480,28"
2019-03-20,"6.482,71"
2019-03-21,"6.501,78"
2019-03-22,"6.525,27"
2019-03-25,"6.411,25"
2019-03-26,"6.470,00"
2019-03-27,"6.444,74"
2019-03-28,"6.480,79"
2019-03-29,"6.468,76"
2019-04-01,"6.452,61"
2019-04-02,"6.476,07"
2019-04-04,"6.494,63"
2019-04-05,"6.474,02"
2019-04-08,"6.425,73"
2019-04-09,"6.484,35"
2019-04-10,"6.478,33"
2019-04-11,"6.410,17"
2019-04-12,"6.405,87"
2019-04-15,"6.435,15"
2019-04-16,"6.481,54"
2019-04-18,"6.507,22"
2019-04-22,"6.414,74"
2019-04-23,"6.462,82"
2019-04-24,"6.447,89"
2019-04-25,"6.372,79"
2019-04-26,"6.401,08"
2019-04-29,"6.425,90"
2019-04-30,"6.455,35"
2019-05-02,"6.374,42"
2019-05-03,"6.319,46"
2019-05-06,"6.256,35"
2019-05-07,"6.297,32"
2019-05-08,"6.270,20"
2019-05-09,"6.198,80"
2019-05-10,"6.209,12"
2019-05-13,"6.135,40"
2019-05-14,"6.071,20"
2019-05-15,"5.980,89"
2019-05-16,"5.895,74"
2019-05-17,"5.826,87"
2019-05-20,"5.907,12"
2019-05-21,"5.951,37"
2019-05-22,"5.939,64"
2019-05-23,"6.032,70"
2019-05-24,"6.057,35"
2019-05-27,"6.098,97"
2019-05-28,"6.033,14"
2019-05-29,"6.104,11"
2019-05-31,"6.209,12"
2019-06-10,"6.289,61"
2019-06-11,"6.305,99"
2019-06-12,"6.276,18"
2019-06-13,"6.273,08"
2019-06-14,"6.250,27"
2019-06-17,"6.190,52"
2019-06-18,"6.257,33"
2019-06-19,"6.339,26"
2019-06-20,"6.335,70"
2019-06-21,"6.315,44"
2019-06-24,"6.288,47"
2019-06-25,"6.320,44"
2019-06-26,"6.310,49"
2019-06-27,"6.352,71"
2019-06-28,"6.358,63"
2019-07-01,"6.379,69"
2019-07-02,"6.384,90"
2019-07-03,"6.362,62"
2019-07-04,"6.375,97"
2019-07-05,"6.373,48"
2019-07-08,"6.351,83"
2019-07-09,"6.388,32"
2019-07-10,"6.410,68"
2019-07-11,"6.417,07"
2019-07-12,"6.373,35"
2019-07-15,"6.418,23"
2019-07-16,"6.401,88"
2019-07-17,"6.394,61"
2019-07-18,"6.403,29"
2019-07-19,"6.456,54"
2019-07-22,"6.433,55"
2019-07-23,"6.403,81"
2019-07-24,"6.384,99"
2019-07-25,"6.401,36"
2019-07-26,"6.325,24"
2019-07-29,"6.299,03"
2019-07-30,"6.377,00"
2019-07-31,"6.390,51"
2019-08-01,"6.381,54"
2019-08-02,"6.340,18"
2019-08-05,"6.175,70"
2019-08-06,"6.119,47"
2019-08-07,"6.204,19"
2019-08-08,"6.274,67"
2019-08-09,"6.282,13"
2019-08-12,"6.250,60"
2019-08-13,"6.210,96"
2019-08-14,"6.267,34"
2019-08-15,"6.257,59"
2019-08-16,"6.286,66"
2019-08-19,"6.296,72"
2019-08-20,"6.295,74"
2019-08-21,"6.252,97"
2019-08-22,"6.239,24"
2019-08-23,"6.255,60"
2019-08-26,"6.214,51"
2019-08-27,"6.278,17"
2019-08-28,"6.281,65"
2019-08-29,"6.289,12"
2019-08-30,"6.328,47"
2019-09-02,"6.290,55"
2019-09-03,"6.261,59"
2019-09-04,"6.269,66"
2019-09-05,"6.306,80"
2019-09-06,"6.308,95"
2019-09-09,"6.326,21"
2019-09-10,"6.336,67"
2019-09-11,"6.381,95"
2019-09-12,"6.342,17"
2019-09-13,"6.334,84"
2019-09-16,"6.219,44"
2019-09-17,"6.236,69"
2019-09-18,"6.276,63"
2019-09-19,"6.244,47"
2019-09-20,"6.231,47"
2019-09-23,"6.206,20"
2019-09-24,"6.137,61"
2019-09-25,"6.146,40"
2019-09-26,"6.230,33"
2019-09-27,"6.196,89"
2019-09-30,"6.169,10"
2019-10-01,"6.138,25"
2019-10-02,"6.055,43"
2019-10-03,"6.038,53"
2019-10-04,"6.061,25"
2019-10-07,"6.000,58"
2019-10-08,"6.039,60"
2019-10-09,"6.029,16"
2019-10-10,"6.023,64"
2019-10-11,"6.105,80"
2019-10-14,"6.126,88"
2019-10-15,"6.158,17"
2019-10-16,"6.169,59"
2019-10-17,"6.181,01"
2019-10-18,"6.191,95"
2019-10-21,"6.198,99"
2019-10-22,"6.225,50"
2019-10-23,"6.257,81"
2019-10-24,"6.339,65"
2019-10-25,"6.252,35"
2019-10-28,"6.265,38"
2019-10-29,"6.281,14"
2019-10-30,"6.295,75"
2019-10-31,"6.228,32"
2019-11-01,"6.207,19"
2019-11-04,"6.180,34"
2019-11-05,"6.264,15"
2019-11-06,"6.217,55"
2019-11-07,"6.165,62"
2019-11-08,"6.177,99"
2019-11-11,"6.148,74"
2019-11-12,"6.180,99"
2019-11-13,"6.142,50"
2019-11-14,"6.098,95"
2019-11-15,"6.128,35"
2019-11-18,"6.122,62"
2019-11-19,"6.152,09"
2019-11-20,"6.155,11"
2019-11-21,"6.117,36"
2019-11-22,"6.100,24"
2019-11-25,"6.070,76"
2019-11-26,"6.026,19"
2019-11-27,"6.023,04"
2019-11-28,"5.953,06"
2019-11-29,"6.011,83"
2019-12-02,"6.130,06"
2019-12-03,"6.133,90"
2019-12-04,"6.112,88"
2019-12-05,"6.152,12"
2019-12-06,"6.186,87"
2019-12-09,"6.193,79"
2019-12-10,"6.183,51"
2019-12-11,"6.180,10"
2019-12-12,"6.139,40"
2019-12-13,"6.197,32"
2019-12-16,"6.211,59"
2019-12-17,"6.244,35"
2019-12-18,"6.287,25"
2019-12-19,"6.249,93"
2019-12-20,"6.284,37"
2019-12-23,"6.305,91"
2019-12-26,"6.319,44"
2019-12-27,"6.329,31"
2019-12-30,"6.299,54"
2020-01-02,"6.283,58"
2020-01-03,"6.323,47"
2020-01-06,"6.257,40"
2020-01-07,"6.279,35"
2020-01-08,"6.225,69"
2020-01-09,"6.274,49"
2020-01-10,"6.274,94"
2020-01-13,"6.296,57"
2020-01-14,"6.325,41"
2020-01-15,"6.283,36"
2020-01-16,"6.286,05"
2020-01-17,"6.291,66"
2020-01-20,"6.245,04"
2020-01-21,"6.238,15"
2020-01-22,"6.233,45"
2020-01-23,"6.249,21"
2020-01-24,"6.244,11"
2020-01-27,"6.133,21"
2020-01-28,"6.111,18"
2020-01-29,"6.113,05"
2020-01-30,"6.057,60"
2020-01-31,"5.940,05"
2020-02-03,"5.884,17"
2020-02-04,"5.922,34"
2020-02-05,"5.978,51"
2020-02-06,"5.987,15"
2020-02-07,"5.999,61"
2020-02-10,"5.952,08"
2020-02-11,"5.954,40"
2020-02-12,"5.913,08"
2020-02-13,"5.871,95"
2020-02-14,"5.866,94"
2020-02-17,"5.867,52"
2020-02-18,"5.886,96"
2020-02-19,"5.928,79"
2020-02-20,"5.942,49"
2020-02-21,"5.882,26"
2020-02-24,"5.807,05"
2020-02-25,"5.787,14"
2020-02-26,"5.688,92"
2020-02-27,"5.535,69"
2020-02-28,"5.452,70"
2020-03-02,"5.361,25"
2020-03-03,"5.518,63"
2020-03-04,"5.650,14"
2020-03-05,"5.638,13"
2020-03-06,"5.498,54"
2020-03-09,"5.136,81"
2020-03-10,"5.220,83"
2020-03-11,"5.154,10"
2020-03-12,"4.895,75"
2020-03-13,"4.907,57"
2020-03-16,"4.690,66"
2020-03-17,"4.456,75"
2020-03-18,"4.330,67"
2020-03-19,"4.105,42"
2020-03-20,"4.194,94"
2020-03-23,"3.989,52"
2020-03-24,"3.937,63"
2020-03-26,"4.338,90"
2020-03-27,"4.545,57"
2020-03-30,"4.414,50"
2020-03-31,"4.538,93"
2020-04-01,"4.466,04"
2020-04-02,"4.531,69"
2020-04-03,"4.623,43"
2020-04-06,"4.811,83"
2020-04-07,"4.778,64"
2020-04-08,"4.626,69"
2020-04-09,"4.649,08"
2020-04-13,"4.623,89"
2020-04-14,"4.706,49"
2020-04-15,"4.625,90"
2020-04-16,"4.480,61"
2020-04-17,"4.634,82"
2020-04-20,"4.575,90"
2020-04-21,"4.501,92"
2020-04-22,"4.567,56"
2020-04-23,"4.593,55"
2020-04-24,"4.496,06"
2020-04-27,"4.513,14"
2020-04-28,"4.529,55"
2020-04-29,"4.567,32"
2020-04-30,"4.716,40"
2020-05-04,"4.605,49"
2020-05-05,"4.630,13"
2020-05-06,"4.608,79"
2020-05-08,"4.597,43"
2020-05-11,"4.639,10"
2020-05-12,"4.588,73"
2020-05-13,"4.554,36"
2020-05-14,"4.513,83"
2020-05-15,"4.507,61"
2020-05-18,"4.511,06"
2020-05-19,"4.548,66"
2020-05-20,"4.545,95"
2020-05-26,"4.626,80"
2020-05-27,"4.641,56"
2020-05-28,"4.716,19"
2020-05-29,"4.753,61"
2020-06-02,"4.847,51"
2020-06-03,"4.941,01"
2020-06-04,"4.916,70"
2020-06-05,"4.947,78"
2020-06-08,"5.070,56"
2020-06-09,"5.035,06"
2020-06-10,"4.920,68"
2020-06-11,"4.854,75"
2020-06-12,"4.880,36"
2020-06-15,"4.816,34"
2020-06-16,"4.986,46"
2020-06-17,"4.987,78"
2020-06-18,"4.925,25"
2020-06-19,"4.942,27"
2020-06-22,"4.918,83"
2020-06-23,"4.879,13"
2020-06-24,"4.964,73"
2020-06-25,"4.896,73"
2020-06-26,"4.904,09"
2020-06-29,"4.901,82"
2020-06-30,"4.905,39"
2020-07-01,"4.914,39"
2020-07-02,"4.966,78"
2020-07-03,"4.973,79"
2020-07-06,"4.988,87"
2020-07-07,"4.987,08"
2020-07-08,"5.076,17"
2020-07-09,"5.052,79"
2020-07-10,"5.031,26"
2020-07-13,"5.064,45"
2020-07-14,"5.079,12"
2020-07-15,"5.075,80"
2020-07-16,"5.098,37"
2020-07-17,"5.079,59"
2020-07-20,"5.051,11"
2020-07-21,"5.114,71"
2020-07-22,"5.110,19"
2020-07-23,"5.145,01"
2020-07-24,"5.082,99"
2020-07-27,"5.116,67"
2020-07-28,"5.112,99"
2020-07-29,"5.111,11"
2020-07-30,"5.149,63"
2020-08-03,"5.006,22"
2020-08-04,"5.075,00"
2020-08-05,"5.127,05"
2020-08-06,"5.178,27"
2020-08-07,"5.143,89"
2020-08-10,"5.157,83"
2020-08-11,"5.190,17"
2020-08-12,"5.233,45"
2020-08-13,"5.239,25"
2020-08-14,"5.247,69"
2020-08-18,"5.295,17"
2020-08-19,"5.272,81"
2020-08-24,"5.277,04"
2020-08-25,"5.338,89"
2020-08-26,"5.340,33"
2020-08-27,"5.371,47"
2020-08-28,"5.346,66"
2020-08-31,"5.238,49"
2020-09-01,"5.310,68"
2020-09-02,"5.311,97"
2020-09-03,"5.280,81"
2020-09-04,"5.239,85"
2020-09-07,"5.230,20"
2020-09-08,"5.244,07"
2020-09-09,"5.149,38"
2020-09-10,"4.891,46"
2020-09-11,"5.016,71"
2020-09-14,"5.161,83"
2020-09-15,"5.100,86"
2020-09-16,"5.058,48"
2020-09-17,"5.038,40"
2020-09-18,"5.059,22"
2020-09-21,"4.999,36"
2020-09-22,"4.934,09"
2020-09-23,"4.917,95"
2020-09-24,"4.842,76"
2020-09-25,"4.945,79"
2020-09-28,"4.906,55"
2020-09-29,"4.879,10"
2020-09-30,"4.870,04"
2020-10-01,"4.970,09"
2020-10-02,"4.926,73"
2020-10-05,"4.958,77"
2020-10-06,"4.999,22"
2020-10-07,"5.004,33"
2020-10-08,"5.039,14"
2020-10-09,"5.053,66"
2020-10-12,"5.093,10"
2020-10-13,"5.132,57"
2020-10-14,"5.176,10"
2020-10-15,"5.105,15"
2020-10-16,"5.103,41"
2020-10-19,"5.126,33"
2020-10-20,"5.099,84"
2020-10-21,"5.096,45"
2020-10-22,"5.091,82"
2020-10-23,"5.112,19"
2020-10-26,"5.144,05"
2020-10-27,"5.128,23"
2020-11-02,"5.115,13"
2020-11-03,"5.159,45"
2020-11-04,"5.105,20"
2020-11-05,"5.260,33"
2020-11-06,"5.335,53"
2020-11-09,"5.356,01"
2020-11-10,"5.462,74"
2020-11-11,"5.509,51"
2020-11-12,"5.458,60"
2020-11-13,"5.461,06"
2020-11-16,"5.494,87"
2020-11-17,"5.529,94"
2020-11-18,"5.557,52"
2020-11-19,"5.594,06"
2020-11-20,"5.571,66"
2020-11-23,"5.652,76"
2020-11-24,"5.701,03"
2020-11-25,"5.679,25"
2020-11-26,"5.759,92"
2020-11-27,"5.783,34"
2020-11-30,"5.612,41"
2020-12-01,"5.724,74"
2020-12-02,"5.813,99"
2020-12-03,"5.822,94"
2020-12-04,"5.810,48"
2020-12-07,"5.930,76"
2020-12-08,"5.944,41"
2020-12-10,"5.933,70"
2020-12-11,"5.938,33"
2020-12-14,"6.012,52"
2020-12-15,"6.010,13"
2020-12-16,"6.118,40"
2020-12-17,"6.113,38"
2020-12-18,"6.104,32"
2020-12-21,"6.165,62"
2020-12-22,"6.023,29"
2020-12-23,"6.008,71"
2020-12-28,"6.093,55"
2020-12-29,"6.036,17"
2020-12-30,"5.979,07"
2021-01-04,"6.104,90"
2021-01-05,"6.137,34"
2021-01-06,"6.065,68"
2021-01-07,"6.153,63"
2021-01-08,"6.257,84"
2021-01-11,"6.382,94"
2021-01-12,"6.395,67"
2021-01-13,"6.435,20"
2021-01-14,"6.428,31"
2021-01-15,"6.373,41"
2021-01-18,"6.389,83"
2021-01-19,"6.321,86"
2021-01-20,"6.429,76"
2021-01-21,"6.413,89"
2021-01-22,"6.307,13"
2021-01-25,"6.258,57"
2021-01-26,"6.140,17"
2021-01-27,"6.109,17"
2021-01-28,"5.979,39"
2021-01-29,"5.862,35"
2021-02-01,"6.067,55"
2021-02-02,"6.043,84"
2021-02-03,"6.077,74"
2021-02-04,"6.107,22"
2021-02-05,"6.151,73"
2021-02-08,"6.208,87"
2021-02-09,"6.181,67"
2021-02-10,"6.201,83"
2021-02-11,"6.222,52"
2021-02-15,"6.270,32"
2021-02-16,"6.292,40"
2021-02-17,"6.227,73"
2021-02-18,"6.200,31"
2021-02-19,"6.231,93"
2021-02-22,"6.255,31"
2021-02-23,"6.272,81"
2021-02-24,"6.251,05"
2021-02-25,"6.289,65"
2021-02-26,"6.241,80"
2021-03-01,"6.338,51"
2021-03-02,"6.359,20"
2021-03-03,"6.376,76"
2021-03-04,"6.290,80"
2021-03-05,"6.258,75"
2021-03-08,"6.248,47"
2021-03-09,"6.199,65"
2021-03-10,"6.264,68"
2021-03-12,"6.358,21"
2021-03-15,"6.324,26"
2021-03-16,"6.309,70"
2021-03-17,"6.277,23"
2021-03-18,"6.347,83"
2021-03-19,"6.356,16"
2021-03-22,"6.301,13"
2021-03-23,"6.252,71"
2021-03-24,"6.156,14"
2021-03-25,"6.122,88"
2021-03-26,"6.195,56"
2021-03-29,"6.166,82"
2021-03-30,"6.071,44"
2021-03-31,"5.985,52"
2021-04-01,"6.011,46"
2021-04-05,"5.970,29"
2021-04-06,"6.002,77"
2021-04-07,"6.036,62"
2021-04-08,"6.071,72"
2021-04-09,"6.070,21"
2021-04-12,"5.948,57"
2021-04-13,"5.927,44"
2021-04-14,"6.050,28"
2021-04-15,"6.079,50"
2021-04-16,"6.086,26"
2021-04-19,"6.052,54"
2021-04-20,"6.038,32"
2021-04-21,"5.993,24"
2021-04-22,"5.994,18"
2021-04-23,"6.016,86"
2021-04-26,"5.964,82"
2021-04-27,"5.959,62"
2021-04-28,"5.974,48"
2021-04-29,"6.012,96"
2021-04-30,"5.995,62"
2021-05-03,"5.952,60"
2021-05-04,"5.963,82"
2021-05-05,"5.975,91"
2021-05-06,"5.970,24"
2021-05-07,"5.928,31"
2021-05-10,"5.975,79"
2021-05-11,"5.938,35"
2021-05-17,"5.833,86"
2021-05-18,"5.834,39"
2021-05-19,"5.760,58"
2021-05-20,"5.797,60"
2021-05-21,"5.773,12"
2021-05-24,"5.763,63"
2021-05-25,"5.815,84"
2021-05-27,"5.841,83"
2021-05-28,"5.848,62"
2021-05-31,"5.947,46"
2021-06-02,"6.031,58"
2021-06-03,"6.091,51"
2021-06-04,"6.065,17"
2021-06-07,"6.069,94"
2021-06-08,"5.999,37"
2021-06-09,"6.047,48"
2021-06-10,"6.107,54"
2021-06-11,"6.095,50"
2021-06-14,"6.080,38"
2021-06-15,"6.089,04"
2021-06-16,"6.078,57"
2021-06-17,"6.068,45"
2021-06-18,"6.007,12"
2021-06-21,"5.996,25"
2021-06-22,"6.087,84"
2021-06-23,"6.034,54"
2021-06-24,"6.012,06"
2021-06-25,"6.022,40"
2021-06-28,"5.939,47"
2021-06-29,"5.949,05"
2021-06-30,"5.985,49"
2021-07-01,"6.005,96"
2021-07-02,"6.023,01"
2021-07-05,"6.005,61"
2021-07-06,"6.047,11"
2021-07-07,"6.044,04"
2021-07-08,"6.039,90"
2021-07-09,"6.039,84"
2021-07-12,"6.078,57"
2021-07-13,"6.012,03"
2021-07-14,"5.979,22"
2021-07-15,"6.046,75"
2021-07-16,"6.072,51"
2021-07-19,"6.017,39"
2021-07-21,"6.029,98"
2021-07-22,"6.137,55"
2021-07-23,"6.101,69"
2021-07-26,"6.106,39"
2021-07-27,"6.097,05"
2021-07-28,"6.088,52"
2021-07-29,"6.120,73"
2021-07-30,"6.070,04"
2021-08-02,"6.096,54"
2021-08-03,"6.130,57"
2021-08-04,"6.159,03"
2021-08-05,"6.205,42"
2021-08-06,"6.203,43"
2021-08-09,"6.127,46"
2021-08-10,"6.088,41"
2021-08-12,"6.139,65"
2021-08-13,"6.139,49"
2021-08-16,"6.087,91"
2021-08-18,"6.118,15"
2021-08-19,"5.992,32"
2021-08-20,"6.030,77"
2021-08-23,"6.109,83"
2021-08-24,"6.089,50"
2021-08-25,"6.113,24"
2021-08-26,"6.058,08"
2021-08-27,"6.041,37"
2021-08-30,"6.144,90"
2021-08-31,"6.150,30"
2021-09-01,"6.090,93"
2021-09-02,"6.078,23"
2021-09-03,"6.126,92"
2021-09-06,"6.126,94"
2021-09-07,"6.112,40"
2021-09-08,"6.026,02"
2021-09-09,"6.068,22"
2021-09-10,"6.094,87"
2021-09-13,"6.088,16"
2021-09-14,"6.129,10"
2021-09-15,"6.110,23"
2021-09-16,"6.109,94"
2021-09-17,"6.133,25"
2021-09-20,"6.076,31"
2021-09-21,"6.060,76"
2021-09-22,"6.108,27"
2021-09-23,"6.142,71"
2021-09-24,"6.144,81"
2021-09-27,"6.122,49"
2021-09-28,"6.113,11"
2021-09-29,"6.162,55"
2021-09-30,"6.286,94"
2021-10-01,"6.228,85"
2021-10-04,"6.342,69"
2021-10-05,"6.288,05"
2021-10-06,"6.417,32"
2021-10-07,"6.416,40"
2021-10-08,"6.481,77"
2021-10-11,"6.459,70"
2021-10-12,"6.486,27"
2021-10-13,"6.536,90"
2021-10-14,"6.626,11"
2021-10-15,"6.633,34"
2021-10-18,"6.658,77"
2021-10-19,"6.656,00"
2021-10-21,"6.632,97"
2021-10-22,"6.643,74"
2021-10-25,"6.625,70"
2021-10-26,"6.656,94"
2021-10-27,"6.602,21"
2021-10-28,"6.524,08"
2021-10-29,"6.591,35"
2021-11-01,"6.552,89"
2021-11-02,"6.493,27"
2021-11-03,"6.552,13"
2021-11-04,"6.586,44"
2021-11-05,"6.581,78"
2021-11-08,"6.632,30"
2021-11-09,"6.669,93"
2021-11-10,"6.683,15"
2021-11-11,"6.691,34"
2021-11-12,"6.651,05"
2021-11-15,"6.616,03"
2021-11-16,"6.651,21"
2021-11-17,"6.675,80"
2021-11-18,"6.636,47"
2021-11-19,"6.720,26"
2021-11-22,"6.723,39"
2021-11-23,"6.677,88"
2021-11-24,"6.683,28"
2021-11-25,"6.699,35"
2021-11-26,"6.561,55"
2021-11-29,"6.608,29"
2021-11-30,"6.533,93"
2021-12-01,"6.507,68"
2021-12-02,"6.583,82"
2021-12-03,"6.538,51"
2021-12-06,"6.547,12"
2021-12-07,"6.602,57"
2021-12-08,"6.603,80"
2021-12-09,"6.643,93"
2021-12-10,"6.652,92"
2021-12-13,"6.662,87"
2021-12-14,"6.615,64"
2021-12-15,"6.626,26"
2021-12-16,"6.594,80"
2021-12-17,"6.601,93"
2021-12-20,"6.547,11"
2021-12-21,"6.554,31"
2021-12-22,"6.529,59"
2021-12-23,"6.555,55"
2021-12-24,"6.562,90"
2021-12-27,"6.575,44"
2021-12-28,"6.598,34"
2021-12-29,"6.600,68"
2021-12-30,"6.581,48"
2022-01-03,"6.665,31"
2022-01-04,"6.695,37"
2022-01-05,"6.662,30"
2022-01-06,"6.653,35"
2022-01-07,"6.701,32"
2022-01-10,"6.691,12"
2022-01-11,"6.647,97"
2022-01-12,"6.647,06"
2022-01-13,"6.658,36"
2022-01-14,"6.693,40"
2022-01-17,"6.645,05"
2022-01-18,"6.614,06"
2022-01-19,"6.591,98"
2022-01-20,"6.626,87"
2022-01-21,"6.726,37"
2022-01-24,"6.655,17"
2022-01-25,"6.568,17"
2022-01-26,"6.600,82"
2022-01-27,"6.611,16"
2022-01-28,"6.645,51"
2022-01-31,"6.631,15"
2022-02-02,"6.707,65"
2022-02-03,"6.683,85"
2022-02-04,"6.731,39"
2022-02-07,"6.804,94"
2022-02-08,"6.789,52"
2022-02-09,"6.834,61"
2022-02-10,"6.823,64"
2022-02-11,"6.815,61"
2022-02-14,"6.734,49"
2022-02-15,"6.807,50"
2022-02-16,"6.850,20"
2022-02-17,"6.835,12"
2022-02-18,"6.892,82"
2022-02-21,"6.902,96"
2022-02-22,"6.861,99"
2022-02-23,"6.920,06"
2022-02-24,"6.817,82"
2022-02-25,"6.888,17"
2022-03-01,"6.921,44"
2022-03-02,"6.868,40"
2022-03-04,"6.928,33"
2022-03-07,"6.869,07"
2022-03-08,"6.814,18"
2022-03-09,"6.864,44"
2022-03-10,"6.924,01"
2022-03-11,"6.922,60"
2022-03-14,"6.952,20"
2022-03-15,"6.918,19"
2022-03-16,"6.992,40"
2022-03-17,"6.964,38"
2022-03-18,"6.954,96"
2022-03-21,"6.955,18"
2022-03-22,"7.000,82"
2022-03-23,"6.996,12"
2022-03-24,"7.049,69"
2022-03-25,"7.002,53"
2022-03-28,"7.049,60"
2022-03-29,"7.011,69"
2022-03-30,"7.053,19"
2022-03-31,"7.071,44"
2022-04-01,"7.078,76"
2022-04-04,"7.116,22"
2022-04-05,"7.148,30"
2022-04-06,"7.104,22"
2022-04-07,"7.127,37"
2022-04-08,"7.210,83"
2022-04-11,"7.203,79"
2022-04-12,"7.214,78"
2022-04-13,"7.262,78"
2022-04-14,"7.235,53"
2022-04-18,"7.275,29"
2022-04-19,"7.199,23"
2022-04-20,"7.227,36"
2022-04-21,"7.276,19"
2022-04-22,"7.225,61"
2022-04-25,"7.215,98"
2022-04-26,"7.232,15"
2022-04-27,"7.196,76"
2022-04-28,"7.228,91"
2022-05-09,"6.909,75"
2022-05-10,"6.819,79"
2022-05-11,"6.816,20"
2022-05-12,"6.599,84"
2022-05-13,"6.597,99"
2022-05-17,"6.644,47"
2022-05-18,"6.793,41"
2022-05-19,"6.823,33"
2022-05-20,"6.918,14"
2022-05-23,"6.840,77"
2022-05-24,"6.914,14"
2022-05-25,"6.883,50"
2022-05-27,"7.026,26"
2022-05-30,"7.037,56"
2022-05-31,"7.148,97"
2022-06-02,"7.148,72"
2022-06-03,"7.182,96"
2022-06-06,"7.096,58"
2022-06-07,"7.141,04"
2022-06-08,"7.193,31"
2022-06-09,"7.182,83"
2022-06-10,"7.086,65"
2022-06-13,"6.995,44"
2022-06-14,"7.049,88"
2022-06-15,"7.007,05"
2022-06-16,"7.050,33"
2022-06-17,"6.936,97"
2022-06-20,"6.976,38"
2022-06-21,"7.044,07"
2022-06-22,"6.984,31"
2022-06-23,"6.998,27"
2022-06-24,"7.042,94"
2022-06-27,"7.016,06"
2022-06-28,"6.996,46"
2022-06-29,"6.942,35"
2022-06-30,"6.911,58"
2022-07-01,"6.794,33"
2022-07-04,"6.639,17"
2022-07-05,"6.703,27"
2022-07-06,"6.646,41"
2022-07-07,"6.652,59"
2022-07-08,"6.740,22"
2022-07-11,"6.722,15"
2022-07-12,"6.718,29"
2022-07-13,"6.640,99"
2022-07-14,"6.690,09"
2022-07-15,"6.651,90"
2022-07-18,"6.659,25"
2022-07-19,"6.736,09"
2022-07-20,"6.874,74"
2022-07-21,"6.864,13"
2022-07-22,"6.886,96"
2022-07-25,"6.858,41"
2022-07-26,"6.871,54"
2022-07-27,"6.898,22"
2022-07-28,"6.956,82"
2022-07-29,"6.951,12"
2022-08-01,"6.968,78"
2022-08-02,"6.988,16"
2022-08-03,"7.046,63"
2022-08-04,"7.057,35"
2022-08-05,"7.084,65"
2022-08-08,"7.086,85"
2022-08-09,"7.102,88"
2022-08-10,"7.086,24"
2022-08-11,"7.160,38"
2022-08-12,"7.129,28"
2022-08-15,"7.093,28"
2022-08-16,"7.133,45"
2022-08-18,"7.186,56"
2022-08-19,"7.172,43"
2022-08-22,"7.107,98"
2022-08-23,"7.163,27"
2022-08-24,"7.194,71"
2022-08-25,"7.174,21"
2022-08-26,"7.135,25"
2022-08-29,"7.132,04"
2022-08-30,"7.159,47"
2022-08-31,"7.178,59"
2022-09-01,"7.153,10"
2022-09-02,"7.177,18"
2022-09-05,"7.231,88"
2022-09-06,"7.233,15"
2022-09-07,"7.186,76"
2022-09-08,"7.232,02"
2022-09-09,"7.242,66"
2022-09-12,"7.254,46"
2022-09-13,"7.318,02"
2022-09-14,"7.278,08"
2022-09-15,"7.305,60"
2022-09-16,"7.168,87"
2022-09-19,"7.195,49"
2022-09-20,"7.196,95"
2022-09-21,"7.188,31"
2022-09-22,"7.218,91"
2022-09-23,"7.178,58"
2022-09-26,"7.127,50"
2022-09-27,"7.112,45"
2022-09-28,"7.077,03"
2022-09-29,"7.036,20"
2022-09-30,"7.040,80"
2022-10-03,"7.009,72"
2022-10-04,"7.072,26"
2022-10-05,"7.075,38"
2022-10-06,"7.076,62"
2022-10-07,"7.026,78"
2022-10-10,"6.994,40"
2022-10-11,"6.939,15"
2022-10-12,"6.909,21"
2022-10-13,"6.880,63"
2022-10-14,"6.814,53"
2022-10-17,"6.831,12"
2022-10-18,"6.834,49"
2022-10-19,"6.860,42"
2022-10-20,"6.980,65"
2022-10-21,"7.017,77"
2022-10-24,"7.053,04"
2022-10-25,"7.048,38"
2022-10-26,"7.043,94"
2022-10-27,"7.091,76"
2022-10-28,"7.056,04"
2022-10-31,"7.098,89"
2022-11-01,"7.052,30"
2022-11-02,"7.015,69"
2022-11-03,"7.034,57"
2022-11-04,"7.045,53"
2022-11-07,"7.102,40"
2022-11-08,"7.050,13"
2022-11-09,"7.070,08"
2022-11-10,"6.966,84"
2022-11-11,"7.089,21"
2022-11-14,"7.019,39"
2022-11-15,"7.035,50"
2022-11-16,"7.014,38"
2022-11-17,"7.044,99"
2022-11-18,"7.082,18"
2022-11-21,"7.063,25"
2022-11-22,"7.030,59"
2022-11-23,"7.054,12"
2022-11-24,"7.080,52"
2022-11-25,"7.053,15"
2022-11-28,"7.017,36"
2022-11-29,"7.012,07"
2022-11-30,"7.081,31"
2022-12-01,"7.020,80"
2022-12-02,"7.019,64"
2022-12-05,"6.987,33"
2022-12-06,"6.892,57"
2022-12-07,"6.818,75"
2022-12-08,"6.804,23"
2022-12-09,"6.715,12"
2022-12-12,"6.734,45"
2022-12-13,"6.810,32"
2022-12-14,"6.801,75"
2022-12-15,"6.751,86"
2022-12-16,"6.812,19"
2022-12-19,"6.779,70"
2022-12-20,"6.768,32"
2022-12-21,"6.820,66"
2022-12-22,"6.824,43"
2022-12-23,"6.800,67"
2022-12-26,"6.835,81"
2022-12-27,"6.923,03"
2022-12-28,"6.850,52"
2022-12-29,"6.860,08"
2022-12-30,"6.850,62"
2023-01-02,"6.850,98"
2023-01-03,"6.888,76"
2023-01-04,"6.813,24"
2023-01-05,"6.653,84"
2023-01-06,"6.684,56"
2023-01-09,"6.688,27"
2023-01-10,"6.622,50"
2023-01-11,"6.584,45"
2023-01-12,"6.629,93"
2023-01-13,"6.641,83"
2023-01-16,"6.688,06"
2023-01-17,"6.767,34"
2023-01-18,"6.765,79"
2023-01-19,"6.819,91"
2023-01-20,"6.874,93"
2023-01-24,"6.860,85"
2023-01-25,"6.829,93"
2023-01-26,"6.864,82"
2023-01-27,"6.898,98"
2023-01-30,"6.872,48"
2023-01-31,"6.839,34"
2023-02-01,"6.862,26"
2023-02-02,"6.890,57"
2023-02-03,"6.911,73"
2023-02-06,"6.873,79"
2023-02-07,"6.935,30"
2023-02-08,"6.940,12"
2023-02-09,"6.897,37"
2023-02-10,"6.880,33"
2023-02-13,"6.900,14"
2023-02-14,"6.941,85"
2023-02-15,"6.914,54"
2023-02-16,"6.895,66"
2023-02-17,"6.895,71"
2023-02-20,"6.894,72"
2023-02-21,"6.873,40"
2023-02-22,"6.809,97"
2023-02-23,"6.839,45"
2023-02-24,"6.856,58"
2023-02-27,"6.854,78"
2023-02-28,"6.843,24"
2023-03-01,"6.844,94"
2023-03-02,"6.857,42"
2023-03-03,"6.813,64"
2023-03-06,"6.807,00"
2023-03-07,"6.766,76"
2023-03-08,"6.776,37"
2023-03-09,"6.799,79"
2023-03-10,"6.765,30"
2023-03-13,"6.786,96"
2023-03-14,"6.641,81"
2023-03-15,"6.628,14"
2023-03-16,"6.565,73"
2023-03-17,"6.678,24"
2023-03-20,"6.612,49"
2023-03-21,"6.691,61"
2023-03-24,"6.762,25"
2023-03-27,"6.708,93"
2023-03-28,"6.760,33"
2023-03-29,"6.839,44"
2023-03-30,"6.808,95"
2023-03-31,"6.805,28"
2023-04-03,"6.827,17"
2023-04-04,"6.833,18"
2023-04-05,"6.819,67"
2023-04-06,"6.792,77"
2023-04-10,"6.771,23"
2023-04-11,"6.811,31"
2023-04-12,"6.798,96"
2023-04-13,"6.785,60"
2023-04-14,"6.818,57"
2023-04-17,"6.787,58"
2023-04-18,"6.821,81"
2023-04-26,"6.910,15"
2023-04-27,"6.945,48"
2023-04-28,"6.915,72"
2023-05-02,"6.863,30"
2023-05-03,"6.812,72"
2023-05-04,"6.844,03"
2023-05-05,"6.787,63"
2023-05-08,"6.769,63"
2023-05-09,"6.779,98"
2023-05-10,"6.811,90"
2023-05-11,"6.755,94"
2023-05-12,"6.707,76"
2023-05-15,"6.711,74"
2023-05-16,"6.676,56"
2023-05-17,"6.663,11"
2023-05-19,"6.700,56"
2023-05-22,"6.729,65"
2023-05-23,"6.736,68"
2023-05-24,"6.745,80"
2023-05-25,"6.704,23"
2023-05-26,"6.687,00"
2023-05-29,"6.681,10"
2023-05-30,"6.636,42"
2023-05-31,"6.633,26"
2023-06-05,"6.633,44"
2023-06-06,"6.618,92"
2023-06-07,"6.619,75"
2023-06-08,"6.666,33"
2023-06-09,"6.694,02"
2023-06-12,"6.722,37"
2023-06-13,"6.719,01"
2023-06-14,"6.699,72"
2023-06-15,"6.713,79"
2023-06-16,"6.698,55"
2023-06-19,"6.686,06"
2023-06-20,"6.660,46"
2023-06-21,"6.702,63"
2023-06-22,"6.652,26"
2023-06-23,"6.639,73"
2023-06-26,"6.664,67"
2023-06-27,"6.661,88"
2023-07-03,"6.696,72"
2023-07-04,"6.681,75"
2023-07-05,"6.718,98"
2023-07-06,"6.757,33"
2023-07-07,"6.716,46"
2023-07-10,"6.731,04"
2023-07-11,"6.796,92"
2023-07-12,"6.808,21"
2023-07-13,"6.810,21"
2023-07-14,"6.869,57"
2023-07-17,"6.867,14"
2023-07-18,"6.830,20"
2023-07-20,"6.864,19"
2023-07-21,"6.880,80"
2023-07-24,"6.899,40"
2023-07-25,"6.917,71"
2023-07-26,"6.948,28"
2023-07-27,"6.896,66"
2023-07-28,"6.900,23"
2023-07-31,"6.931,36"
2023-08-01,"6.886,50"
2023-08-02,"6.854,51"
2023-08-03,"6.898,08"
2023-08-04,"6.852,84"
2023-08-07,"6.886,37"
2023-08-08,"6.868,81"
2023-08-09,"6.875,11"
2023-08-10,"6.893,28"
2023-08-11,"6.879,98"
2023-08-14,"6.910,17"
2023-08-15,"6.915,10"
2023-08-16,"6.900,54"
2023-08-18,"6.859,91"
2023-08-21,"6.866,03"
2023-08-22,"6.916,45"
2023-08-23,"6.921,41"
2023-08-24,"6.899,39"
2023-08-25,"6.895,44"
2023-08-28,"6.921,73"
2023-08-29,"6.957,83"
2023-08-30,"6.966,66"
2023-08-31,"6.953,26"
2023-09-01,"6.977,65"
2023-09-04,"6.996,75"
2023-09-05,"6.991,71"
2023-09-06,"6.995,95"
2023-09-07,"6.954,81"
2023-09-08,"6.924,78"
2023-09-11,"6.963,39"
2023-09-12,"6.933,97"
2023-09-13,"6.935,48"
2023-09-14,"6.959,33"
2023-09-15,"6.982,79"
2023-09-18,"6.936,08"
2023-09-19,"6.980,32"
2023-09-20,"7.011,68"
2023-09-21,"6.991,47"
2023-09-22,"7.016,84"
2023-09-25,"6.998,38"
2023-09-26,"6.923,80"
2023-09-27,"6.937,83"
2023-09-29,"6.939,89"
2023-10-02,"6.961,46"
2023-10-03,"6.940,89"
2023-10-04,"6.886,58"
2023-10-05,"6.874,83"
2023-10-06,"6.888,52"
2023-10-09,"6.891,46"
2023-10-10,"6.922,19"
2023-10-11,"6.931,75"
2023-10-12,"6.935,15"
2023-10-13,"6.926,78"
2023-10-16,"6.896,29"
2023-10-17,"6.939,62"
2023-10-18,"6.927,91"
2023-10-19,"6.846,43"
2023-10-20,"6.849,17"
2023-10-23,"6.741,96"
2023-10-24,"6.806,76"
2023-10-25,"6.834,39"
2023-10-26,"6.714,52"
2023-10-27,"6.758,79"
2023-10-30,"6.735,89"
2023-10-31,"6.752,21"
2023-11-01,"6.642,42"
2023-11-02,"6.751,39"
2023-11-03,"6.788,85"
2023-11-06,"6.878,84"
2023-11-07,"6.843,79"
2023-11-08,"6.804,11"
2023-11-09,"6.838,23"
2023-11-10,"6.809,26"
2023-11-13,"6.838,31"
2023-11-14,"6.862,06"
2023-11-15,"6.958,21"
2023-11-16,"6.958,01"
2023-11-17,"6.977,67"
2023-11-20,"6.994,89"
2023-11-21,"6.961,79"
2023-11-22,"6.906,95"
2023-11-23,"7.004,34"
2023-11-24,"7.009,63"
2023-11-27,"7.013,41"
2023-11-28,"7.041,07"
2023-11-29,"7.036,09"
2023-11-30,"7.080,74"
2023-12-01,"7.059,91"
2023-12-04,"7.093,60"
2023-12-05,"7.100,85"
2023-12-06,"7.087,40"
2023-12-07,"7.134,62"
2023-12-08,"7.159,60"
2023-12-11,"7.088,79"
2023-12-12,"7.125,31"
2023-12-13,"7.075,34"
2023-12-14,"7.176,02"
2023-12-15,"7.190,99"
2023-12-18,"7.119,52"
2023-12-19,"7.187,85"
2023-12-20,"7.219,67"
2023-12-21,"7.209,62"
2023-12-22,"7.237,52"
2023-12-26,"7.237,52"
2023-12-27,"7.245,92"
2023-12-28,"7.303,89"
2023-12-29,"7.272,80"
2024-01-02,"7.323,59"
2024-01-03,"7.279,09"
2024-01-04,"7.359,76"
2024-01-05,"7.350,62"
2024-01-08,"7.283,58"
2024-01-09,"7.200,20"
2024-01-10,"7.227,30"
2024-01-11,"7.219,96"
2024-01-12,"7.241,14"
2024-01-15,"7.224,00"
2024-01-16,"7.242,79"
2024-01-17,"7.200,63"
2024-01-18,"7.252,97"
2024-01-19,"7.227,40"
2024-01-22,"7.247,93"
2024-01-23,"7.256,23"
2024-01-24,"7.227,82"
2024-01-25,"7.178,04"
2024-01-26,"7.137,09"
2024-01-29,"7.157,17"
2024-01-30,"7.192,22"
2024-01-31,"7.207,94"
2024-02-01,"7.201,70"
2024-02-02,"7.238,79"
2024-02-05,"7.198,62"
2024-02-06,"7.247,41"
2024-02-07,"7.235,15"
2024-02-12,"7.297,67"
2024-02-13,"7.209,74"
2024-02-15,"7.303,28"
2024-02-16,"7.335,54"
2024-02-19,"7.296,70"
2024-02-20,"7.352,60"
2024-02-21,"7.349,02"
2024-02-22,"7.339,64"
2024-02-23,"7.295,10"
2024-02-26,"7.283,82"
2024-02-27,"7.285,32"
2024-02-28,"7.328,64"
2024-02-29,"7.316,11"
2024-03-01,"7.311,91"
2024-03-04,"7.276,75"
2024-03-05,"7.247,46"
2024-03-06,"7.329,80"
2024-03-07,"7.373,96"
2024-03-08,"7.381,91"
2024-03-13,"7.421,21"
2024-03-14,"7.433,31"
2024-03-15,"7.328,05"
2024-03-18,"7.302,45"
2024-03-19,"7.336,75"
2024-03-20,"7.331,13"
2024-03-21,"7.338,35"
2024-03-22,"7.350,15"
2024-03-25,"7.377,76"
2024-03-26,"7.365,66"
2024-03-27,"7.310,09"
2024-03-28,"7.288,81"
2024-04-01,"7.205,06"
2024-04-02,"7.236,98"
2024-04-03,"7.166,84"
2024-04-04,"7.254,40"
2024-04-05,"7.286,88"
2024-04-16,"7.164,81"
2024-04-17,"7.130,84"
2024-04-18,"7.166,81"
2024-04-19,"7.087,32"
2024-04-22,"7.073,82"
2024-04-23,"7.110,81"
2024-04-24,"7.174,53"
2024-04-25,"7.155,29"
2024-04-26,"7.036,08"
2024-04-29,"7.155,78"
2024-04-30,"7.234,20"
